Anno,Spesa_1,Spesa_2,Spesa_3,Spesa_4,Spesa_5,Spesa_6,Spesa_7,Spesa_8,Spesa_9,Spesa_10,Spesa_11,Spesa_12,Spesa_TOT,Reddito
1997,377.52,42.63,130.01,425.05,115.56,59.86,295.69,54.4,92.77,8.06,30.4,151.52,1783.47,1955.46
1998,337.76,34.71,128.2,435.46,105.55,91.89,211.72,59.42,88.74,6.48,31.03,123.84,1654.8,1883.48
1999,332.76,30.78,132.69,473.74,174.94,69.99,214.94,60.31,91.33,15.18,36.48,134.74,1767.88,2173.25
2000,369.22,41.84,145.59,506.95,113.48,66.89,329.47,72.17,118.68,14.51,38.2,152.07,1969.07,2463.03
2001,359.16,34.51,153.63,505.09,143.58,63.54,221.11,60.24,115.68,13.42,43.34,144.19,1857.49,2471.86
2002,338.72,29.88,141.31,520.79,117.04,55.66,232.81,65.61,103.14,13.42,47.53,132.2,1798.11,2480.70
2003,393.88,36.65,152.6,612.82,112.51,73.35,235.59,70.19,101.72,12.56,48.57,173.86,2024.3,2281.57
2004,441.2,39.74,140.65,603.86,102.5,60.83,238.78,78.9,107.08,8.52,60.19,163.88,2046.13,2082.44
2005,391.51,39.16,166.83,683.03,112.96,89.39,270.82,79.97,96.45,9.73,51.6,178.72,2170.17,2298.25
2006,421.36,44.78,139.98,740.17,153.82,60.97,264.72,75.88,101.47,9.08,47.39,167.39,2227.01,2514.05
2007,498.38,48.65,195.59,705.99,153.37,110.66,304.83,78.41,156.45,12.64,71.56,191.62,2528.15,2507.17
2008,425.64,42.76,121.68,653.49,93.53,79.47,245.2,69.1,82.67,12.97,42.08,162.07,2030.66,2500.29
2009,449.86,52.52,156.91,757.14,168.26,85.38,221.66,76.21,137.61,5.25,49.96,194.56,2355.32,2419.68
2010,445.5,39.99,148.36,773.89,114.06,106.21,282.81,69.25,114.58,24.21,65.03,179.31,2363.2,2339.06
2011,434.05,44.8,121.87,749.55,117.32,70.62,247.7,66.89,93.96,15.11,47.56,163.76,2173.19,2175.62
2012,436.23,39.19,108.39,738.17,92.95,70.77,359.56,70.77,93.34,8.26,42.36,163.42,2223.41,2012.17
2013,439.74,42.75,95.12,737.95,72.32,71.65,227.98,62.37,70.82,11.92,54.01,149.73,2036.36,2065.52
2014,422.7,40.31,107.24,707.89,94.54,82.19,243.44,64.19,71.35,13.3,57.53,143.66,2048.34,2118.87
2015,440.8,41.84,113.37,724.2,85.54,78.46,248.76,62.47,78.74,13.33,70.94,133.12,2091.57,2079.64
2016,426.55,37.08,134.21,824.04,76.23,94.47,236.5,64.36,59.31,5.63,85.94,131.39,2175.71,2040.41
2017,443.33,44.28,164.11,612.67,103.67,91.03,243.42,64.66,101.48,20.9,72.97,147.53,2110.06,2040.41
